SHISHUA-half	0.143366
RomuTrio	0.312906
xoshiro256+	0.339976
wyrand	0.414401
Lehmer128	0.441050
RC4	7.476871
