SHISHUA-half	0.140864
RomuTrio	0.311824
xoshiro256+	0.339107
wyrand	0.411881
Lehmer128	0.439621
ChaCha8	0.462348
RC4	8.060161
